title,description,embedding,,,,
도시 공원 설계,모듈러 구조를 활용하여 빠른 시공이 가능하도록 설계되었습니다. Maybe market player statement door commercial only response.,"[0.982034, 0.939903, 0.509996, 0.469045, -0.622176, 0.23985, 0.085074, -0.557143, -0.447036, 0.247792, -0.007497, 0.43447, -0.666598, 0.795693, -0.235556, -0.410878, 0.526734, -0.505195, 0.429403, -0.863252, 0.352394, -0.909073, -0.455474, 0.908072, -0.613477, 0.109794, -0.588297, 0.114379, -0.597845, 0.397009, -0.622566, 0.723324, -0.127457, 0.476739, -0.948191, -0.355703, -0.125323, -0.670753, -0.464376, 0.238888, 0.358314, 0.03114, -0.409284, 0.476276, 0.58243, 0.457974, -0.354171, 0.1875, 0.470954, 0.139948, -0.196085, -0.487758, -0.64569, -0.724848, 0.288538, -0.376515, 0.513341, 0.558819, -0.680895, 0.080062, -0.108817, 0.60155, -0.074255, -0.718553, 0.684632, -0.252019, -0.493779, 0.224804, 0.551797, 0.86371, 0.952538, 0.04323, 0.94523, -0.673669, -0.35649, -0.337553, 0.463779, 0.884028, -0.718916, 0.921247, -0.898908, 0.757926, -0.702801, -0.697239, 0.096871, 0.538551, -0.645443, 0.209921, 0.465521, -0.957742, -0.844594, 0.599621, 0.501747, 0.879623, -0.577841, -0.898835, -0.077803, -0.762506, -0.213922, 0.082373, -0.703808, -0.317498, -0.66442, 0.542329, -0.309246, 0.575085, -0.034538, -0.703355, 0.861231, -0.35499, 0.977503, 0.255517, -0.038717, -0.603263, -0.424429, 0.930016, -0.577674, -0.791741, 0.954434, -0.214794, 0.4904, -0.930763, -0.470678, 0.65894, 0.981388, -0.208884, -0.609764, -0.731868, -0.671386, 0.938477, -0.716564, -0.278914, 0.183892, -0.940866, -0.820578, 0.438667, 0.346635, -0.789696, 0.681115, 0.891264, -0.230097, -0.911353, 0.061406, 0.893619, -0.375253, -0.697129, 0.094669, 0.115046, -0.163974, 0.038159, 0.424723, 0.022822, 0.873247, 0.166281, -0.694516, 0.194896, -0.236687, 0.888464, 0.939035, -0.336257, 0.891294, 0.488928, -0.453635, 0.421516, -0.446597, -0.311229, 0.278782, -0.664641, 0.094313, 0.38159, -0.396636, 0.11247, -0.801075, -0.919611, 0.20526, -0.261139, -0.679644, -0.273967, -0.582047, 0.489742, 0.361085, 0.050878, -0.236846, 0.866914, 0.333019, 0.888137, 0.240736, 0.021016, -0.653814, -0.39462, -0.58697, 0.644226, -0.057302, 0.281392, 0.473281, 0.647395, -0.375323, -0.383786, 0.589123, -0.29055, -0.071166, -0.675984, 0.281448, 0.662258, -0.311721, -0.621021, -0.728333, 0.310509, -0.28495, -0.190573, 0.822833, -0.153717, -0.277982, 0.632503, -0.053394, -0.801242, 0.310176, -0.208572, 0.241328, 0.294491, -0.050575, 0.898852, 0.439733, -0.746173, 0.777654, -0.940108, -0.602106, -0.09547, 0.045264, 0.458627, 0.140679, 0.545003, 0.473362, -0.121792, 0.051318, 0.221123, -0.694106, 0.647168, 0.058118, 0.542483, 0.374169, -0.996531, -0.067609, 0.063198, 0.802075, -0.763184, -0.392498, -0.904074, -0.54167, -0.201108, 0.120356, -0.10349, 0.942289, 0.602478, 0.839256, 0.908516, -0.340804, -0.345363, 0.715786, -0.775938, 0.224712, 0.523648, 0.294897, -0.620204, -0.260316, -0.92468, 0.105181, -0.092997, -0.295674, -0.088252, -0.156886, 0.797603, -0.941157, 0.430788, -0.52112, -0.44026, -0.528923, 0.570917, 0.516605, -0.351163, -0.839431, -0.215332, 0.924958, -0.513324, -0.821355, -0.544789, -0.298771, -0.56524, -0.380233, -0.931185, -0.282758, 0.529351, 0.357515, 0.987248, -0.182951, -0.530087, 0.398916, -0.132661, -0.195725, -0.544386, -0.819526, -0.30798, -0.92253, -0.945463, 0.254405, -0.502944, -0.156477, -0.560115, 0.70468, -0.583603, 0.115841, -0.782833, -0.900352, 0.157241, 0.589891, -0.122011, -0.868913, 0.85991, -0.388864, 0.93026, -0.468143, 0.195258, -0.797583, -0.369061, 0.944113, -0.742808, 0.332769, 0.224083, -0.246287, -0.95232, 0.8113, -0.515684, 0.785157, -0.445677, -0.524436, 0.522558, -0.474805, 0.450587, -0.994363, -0.880594, 0.674273, 0.055004, -0.921925, 0.281028, 0.434557, 0.573949, 0.375045, -0.732725, -0.671642, 0.388811, 0.958723, 0.129915, -0.998211, -0.064312, 0.710039, -0.454467, -0.665076, -0.785671, 0.332686, -0.608268, 0.494651, -0.344782, 0.613916, -0.049404, 0.475718, -0.13249, 0.943497, -0.253655, 0.969052, -0.189968, 0.278235, -0.114365, -0.604585, 0.393625, -0.875719, 0.412776, -0.679265, -0.046703, -0.013569, 0.588754, 0.751489, 0.487779, -0.600354, -0.131916]",,,,
도시 공원 설계,이 설계안은 자연 채광과 환기를 최대화하기 위한 구조로 설계되었습니다. Democrat involve card just.,"[-0.284396, 0.494937, 0.352834, 0.22716, 0.920681, -0.832925, -0.245573, 0.636379, -0.734559, 0.476173, -0.53542, -0.999038, -0.697119, 0.161329, 0.288854, -0.954355, 0.030205, 0.966759, 0.119005, 0.611114, 0.843804, -0.805363, -0.573302, 0.352701, 0.408866, 0.358525, 0.480448, -0.530502, -0.64018, -0.558578, 0.226635, 0.682885, -0.625883, -0.362759, 0.397745, 0.898871, 0.063726, -0.487718, 0.626919, 0.832525, -0.006588, -0.320848, -0.207154, 0.600511, -0.34845, 0.138834, -0.582732, 0.832945, -0.200468, 0.127925, -0.860835, -0.180517, 0.090763, 0.384193, 0.427044, 0.474104, 0.434604, 0.235386, -0.910356, -0.774598, 0.126733, 0.107022, -0.772278, 0.55373, 0.971291, -0.696698, 0.969143, 0.000165, -0.05406, -0.815246, 0.069663, -0.579333, -0.510891, -0.891845, -0.13929, -0.381736, -0.477647, -0.10733, -0.972181, -0.393067, -0.208648, 0.113254, 0.219433, 0.166324, 0.656553, 0.487853, -0.653195, 0.732011, 0.764768, 0.318688, -0.53096, -0.960986, 0.96872, -0.219431, -0.54782, 0.807767, 0.03163, -0.548137, -0.864532, 0.988043, 0.88333, 0.766697, -0.353776, -0.900956, 0.034674, 0.278024, 0.035891, -0.755104, 0.719563, 0.837771, 0.401081, 0.073876, 0.032578, 0.320397, -0.56337, -0.519875, 0.906739, -0.582045, 0.99331, 0.100516, 0.685526, 0.901028, 0.052296, 0.682149, -0.949028, -0.432361, -0.966462, 0.37797, 0.88769, 0.164171, 0.967892, -0.520618, 0.691206, -0.856525, 0.546124, -0.409816, -0.947701, -0.467446, 0.007915, -0.302111, -0.50687, -0.639702, 0.887621, 0.493701, 0.82237, 0.411977, -0.107173, 0.374275, 0.296369, -0.631661, -0.839156, 0.834811, 0.719117, 0.812806, 0.033103, 0.756983, 0.381995, 0.255633, 0.942401, -0.503869, 0.292921, -0.635005, 0.745112, -0.506288, 0.701842, 0.350416, 0.295084, -0.339189, 0.584903, 0.76896, -0.526411, -0.667094, -0.745621, 0.35604, 0.358005, 0.629352, -0.520524, 0.488613, -0.921467, 0.856194, -0.468316, 0.137752, -0.585682, 0.586112, 0.137414, -0.407748, -0.383375, -0.990859, 0.215988, 0.179261, 0.493622, 0.834222, 0.654372, 0.606175, -0.553533, -0.919886, -0.80804, -0.594563, -0.633161, -0.023902, 0.885015, -0.348343, 0.443221, -0.697477, -0.131866, 0.281547, -0.201015, 0.829364, -0.785676, -0.956587, -0.448949, 0.079027, -0.895793, 0.136619, 0.198079, 0.185085, 0.742231, 0.76275, 0.940807, -0.377424, -0.374016, -0.603185, 0.837789, -0.929316, 0.991794, 0.293601, 0.386531, 0.827515, -0.418232, -0.419655, -0.317784, 0.766458, 0.22035, 0.079819, 0.965431, -0.135632, -0.13228, -0.981225, 0.555832, -0.603026, -0.562166, -0.243234, 0.608137, -0.219388, -0.962532, 0.411194, -0.897105, 0.927527, 0.006695, -0.977341, 0.561987, -0.215564, 0.878371, -0.810135, -0.035233, 0.044668, 0.255228, -0.456727, -0.316014, -0.786239, -0.112514, 0.822772, -0.524387, -0.253304, -0.336331, -0.153597, 0.344271, -0.154481, 0.409701, 0.232932, -0.337477, -0.069603, -0.623084, -0.577904, -0.84158, -0.284354, 0.411367, 0.290973, 0.866671, 0.14441, -0.148749, 0.768656, 0.331698, 0.465654, 0.530449, -0.669988, 0.15335, -0.192134, -0.002237, -0.741894, -0.650518, -0.513322, -0.625075, -0.050144, -0.258879, -0.026443, 0.726254, -0.2272, -0.472993, 0.83887, 0.388802, 0.49668, -0.287467, 0.385683, -0.217746, 0.702744, 0.197504, -0.666188, 0.246338, 0.120557, 0.548187, 0.28861, -0.447631, -0.013262, -0.273455, 0.77036, -0.766722, -0.998841, 0.116771, -0.022948, 0.431325, -0.63604, -0.515396, -0.630019, -0.55484, 0.668357, -0.840519, 0.246968, -0.420235, -0.3742, 0.404062, 0.405194, -0.592583, 0.442331, -0.254004, -0.274285, 0.542254, 0.076142, 0.712504, -0.785763, -0.839274, 0.713931, -0.72549, -0.457183, -0.255782, 0.016823, -0.363355, 0.010077, 0.178519, 0.116901, 0.82696, -0.464992, -0.282395, -0.374773, 0.943509, -0.41026, 0.115131, 0.006953, 0.845871, -0.288891, 0.957511, -0.157588, -0.65287, -0.722283, -0.498462, -0.250779, -0.362688, 0.043552, -0.588244, 0.697889, -0.866162, 0.762392, -0.450509, 0.025628, -0.981, 0.139567, 0.093164, 0.859554, 0.29373, 0.007318, -0.971029, 0.569707, 0.412836, 0.497613]",,,,
에너지 자립형 주택,AI 시스템을 활용하여 실시간 환경 제어가 가능하도록 구성되었습니다. Model draw church generation pattern play.,"[-0.495883, 0.973719, -0.550636, 0.457927, 0.832827, -0.074573, -0.545142, -0.415637, 0.968446, -0.370552, -0.348682, -0.4565, 0.441744, -0.97788, -0.269835, 0.414631, -0.538656, 0.725549, 0.799524, 0.637733, -0.266387, 0.055924, 0.89799, 0.977358, 0.596952, -0.695814, -0.989433, 0.197718, -0.470835, -0.415819, -0.602063, -0.092697, 0.466221, 0.532311, 0.436994, 0.088111, 0.162352, 0.520721, -0.787487, 0.867403, 0.022087, 0.092407, -0.816124, -0.73666, -0.097491, -0.218855, 0.244304, 0.297393, -0.606568, 0.918519, -0.58531, -0.396179, -0.06445, -0.342488, -0.684962, 0.999276, 0.835937, 0.608479, -0.661642, 0.485659, -0.768228, -0.471402, 0.918674, -0.196071, 0.992569, -0.855907, 0.145653, -0.58001, -0.303455, -0.203645, 0.770285, 0.781014, 0.168438, 0.789057, -0.13619, -0.622102, -0.669785, 0.78968, -0.639767, -0.479617, 0.454902, -0.946468, 0.511117, -0.296726, 0.36964, 0.716378, -0.270555, -0.992256, 0.210296, 0.849006, 0.616495, 0.94106, 0.299116, -0.425969, -0.665413, -0.784898, 0.885464, 0.872091, 0.734438, 0.104754, 0.843451, 0.180751, -0.906517, -0.327078, 0.153306, 0.597905, 0.704306, -0.711665, -0.016709, 0.0035, -0.314844, 0.89118, 0.935964, -0.549235, -0.362451, -0.265387, -0.460601, -0.341245, 0.110616, 0.715502, -0.198655, 0.979589, 0.561026, 0.940047, 0.399056, -0.215029, -0.934532, 0.158594, 0.700615, -0.943605, 0.266881, -0.193468, 0.274804, 0.166326, 0.547405, -0.091394, -0.550669, 0.065673, -0.372238, -0.865786, -0.339924, 0.377455, 0.653757, -0.190403, -0.338578, -0.594698, 0.887405, -0.339334, -0.822368, 0.279664, -0.866657, -0.952034, -0.958805, 0.899215, -0.839417, 0.613473, 0.437137, 0.550948, -0.947736, -0.307486, 0.768073, -0.506377, -0.431599, -0.243418, 0.498088, -0.247223, 0.23982, -0.618035, 0.734144, -0.084533, -0.237749, -0.680671, -0.500395, -0.186314, 0.259822, -0.624739, 0.18487, -0.878414, 0.270307, 0.931509, 0.467932, -0.781045, -0.241588, 0.234273, -0.063509, -0.613636, -0.790211, -0.983359, 0.374889, -0.351263, 0.301862, 0.341998, 0.715214, -0.881187, 0.795667, 0.988975, -0.901775, -0.640218, 0.09411, 0.720039, -0.202683, 0.982238, 0.345387, -0.449031, -0.951222, -0.446221, 0.204652, 0.913946, 0.148872, -0.346771, -0.305581, 0.818303, -0.581671, 0.901267, -0.070131, 0.143561, 0.141054, -0.194904, 0.622904, -0.326068, 0.837522, -0.775872, -0.169053, -0.889802, 0.918065, 0.788356, -0.976015, -0.852813, 0.709955, -0.982717, -0.072401, 0.354627, 0.95114, -0.992552, 0.94752, -0.162688, 0.107283, -0.587614, 0.242984, 0.937988, 0.287193, 0.898004, -0.030208, -0.361107, 0.011984, -0.486931, 0.813394, 0.357257, -0.990465, 0.87192, 0.457654, -0.809001, -0.919324, -0.034649, -0.628607, 0.579548, 0.041121, -0.112147, -0.092355, 0.201678, 0.371672, -0.62759, -0.900534, -0.21608, -0.326186, 0.972139, -0.018768, -0.295143, -0.991352, 0.873825, -0.668768, 0.810519, -0.07041, 0.577988, 0.750357, -0.487688, -0.040828, -0.873439, -0.446123, -0.823254, 0.905402, 0.105672, 0.199234, -0.55582, 0.934521, 0.220488, 0.232086, 0.975116, -0.10535, 0.077325, 0.033101, 0.973091, 0.828751, 0.936288, 0.45132, 0.656694, 0.249872, -0.100821, -0.666732, -0.857006, 0.186515, 0.469681, 0.088353, -0.066911, -0.791092, 0.608788, 0.402292, 0.183566, -0.716083, -0.744842, -0.09337, 0.720165, 0.834596, -0.875547, -0.301343, -0.314925, 0.633162, -0.402172, -0.239962, -0.669835, -0.079841, -0.454066, 0.405224, -0.025332, -0.265659, 0.628107, 0.525121, -0.904948, 0.216254, -0.98637, 0.716331, -0.346545, -0.624764, 0.07375, 0.282722, 0.629014, 0.664514, 0.134332, -0.873733, -0.560198, -0.560418, 0.076516, 0.725592, 0.386869, 0.821197, -0.716238, 0.169964, 0.874471, 0.851193, -0.173663, 0.200839, -0.911048, -0.277388, -0.122593, -0.823363, 0.511784, -0.462834, 0.310122, 0.34101, 0.051875, -0.380463, 0.442417, -0.794112, 0.97577, 0.88941, -0.981532, -0.080209, -0.67019, 0.199258, -0.236486, -0.329223, -0.959551, -0.994057, -0.972008, 0.254748, -0.619423, -0.858069, 0.539633, -0.478194, -0.724037, 0.453717, -0.917906, -0.442044, 0.567202]",,,,
지능형 빌딩 구조,모듈러 구조를 활용하여 빠른 시공이 가능하도록 설계되었습니다. Simply book magazine seek player.,"[0.003864, 0.006095, 0.876974, 0.55779, 0.873684, 0.410989, -0.403605, -0.231845, 0.652371, -0.292093, -0.67945, -0.916747, 0.16182, -0.137066, 0.882497, 0.280036, -0.571141, -0.5827, 0.999118, -0.369979, -0.963959, -0.770788, 0.746137, 0.013374, 0.104106, -0.010886, -0.593043, -0.537163, -0.696184, -0.383336, -0.753975, 0.714905, 0.595774, 0.221463, 0.473523, -0.847007, -0.954049, -0.336889, 0.652451, 0.104284, -0.584384, -0.125936, 0.732514, 0.207889, -0.094319, -0.214124, -0.042698, 0.293706, -0.319324, 0.757544, -0.415647, 0.99385, -0.973317, 0.402486, 0.976749, -0.802472, -0.275275, 0.562562, 0.549712, -0.255753, 0.560309, -0.067751, -0.117338, -0.670381, -0.411565, -0.139082, -0.795944, -0.863161, 0.195217, 0.694471, -0.168939, 0.506874, -0.625016, 0.178005, -0.457101, 0.208684, -0.799899, 0.246762, 0.965222, 0.820622, -0.062694, 0.617436, -0.100309, 0.046325, -0.955344, -0.287048, 0.937653, 0.519759, -0.417064, -0.125862, 0.824444, 0.951762, 0.582552, -0.501093, 0.409944, 0.936107, -0.691438, 0.391155, -0.552771, 0.31197, 0.602918, 0.588438, -0.954524, 0.893941, 0.541749, 0.112113, -0.641016, 0.007313, -0.483643, -0.317585, 0.860107, 0.14013, 0.579886, -0.054673, 0.291951, -0.360137, 0.609504, 0.679485, -0.488583, -0.905007, 0.378417, -0.426425, -0.820858, -0.965148, 0.637279, -0.357708, -0.352716, 0.966785, -0.753873, -0.591512, 0.987026, 0.547781, -0.178799, -0.054823, -0.019261, -0.919515, -0.671243, 0.867692, 0.857694, 0.815215, -0.925959, -0.462992, 0.076401, 0.523852, -0.954168, 0.243976, -0.713074, -0.233681, 0.501425, -0.49332, 0.560738, 0.209219, -0.925779, 0.112127, -0.425934, -0.964145, 0.083868, 0.25079, -0.922864, 0.690813, -0.560343, 0.072865, 0.418356, -0.496832, 0.632181, 0.344945, 0.01398, 0.157547, 0.111743, 0.612426, -0.26588, -0.276274, -0.158988, 0.610218, -0.985636, -0.030133, -0.516545, 0.81707, 0.134405, -0.444393, -0.941556, 0.222514, 0.813519, -0.037954, 0.065576, 0.982168, 0.643455, -0.336049, -0.541381, 0.042201, -0.927312, -0.17396, -0.084069, 0.813463, -0.071638, 0.586526, -0.409649, -0.28453, -0.214599, -0.960926, 0.163881, -0.671495, 0.992868, -0.869314, -0.760713, -0.720025, -0.72874, 0.447692, 0.966233, -0.234107, -0.673163, 0.908993, 0.137469, -0.728361, -0.646543, 0.020306, 0.656623, 0.523735, 0.442153, -0.756004, -0.250654, 0.339439, -0.580549, -0.767347, -0.356588, 0.560899, -0.503643, -0.703429, -0.421228, 0.424296, -0.002042, -0.76783, -0.958677, -0.619436, 0.26554, 0.889088, -0.956607, -0.121776, 0.032237, -0.323727, -0.837947, -0.415119, -0.768645, -0.373052, -0.750966, -0.912304, -0.987297, 0.969278, 0.350406, -0.730809, 0.777107, 0.14938, -0.444316, -0.313511, -0.767331, 0.842044, 0.435425, 0.018163, 0.015438, -0.413805, 0.735873, -0.112746, -0.462865, 0.466376, -0.30456, 0.283533, 0.693163, -0.320785, 0.41014, -0.308712, 0.407979, 0.339996, 0.231555, -0.723335, 0.346921, -0.261785, -0.874154, 0.173647, 0.321402, -0.83191, 0.902529, -0.358699, 0.787587, 0.985115, 0.960828, -0.276105, -0.185681, 0.742913, -0.704058, 0.627414, 0.9223, -0.285674, 0.478428, -0.931167, -0.669526, 0.110401, -0.062969, 0.541406, 0.403132, 0.675114, -0.835471, 0.153437, 0.065741, -0.817514, 0.272911, 0.280901, 0.278417, 0.134662, 0.373811, 0.093851, -0.716103, 0.158203, 0.865871, 0.243892, 0.29754, 0.138239, 0.931125, 0.792267, 0.987958, -0.983781, 0.335505, 0.387392, -0.777257, -0.194283, 0.127468, -0.775878, -0.686696, 0.036769, 0.277954, 0.558138, -0.632737, 0.286607, -0.451107, -0.661811, 0.91438, 0.247954, 0.565269, -0.118765, -0.374814, 0.63963, 0.518208, -0.104887, -0.7972, -0.47979, 0.998195, 0.648952, -0.62497, 0.752812, 0.677618, -0.880867, -0.11971, 0.965336, 0.249683, 0.047779, 0.631965, 0.067489, -0.757247, -0.55222, 0.567797, 0.855497, 0.391568, 0.722033, 0.273466, -0.450578, 0.4896, 0.649275, -0.628983, -0.251228, 0.684331, 0.813241, -0.212319, 0.838707, 0.484894, 0.662081, 0.888096, -0.397065, -0.975914, -0.542101, 0.259461, 0.777846, -0.777228, 0.736987, -0.121985, 0.55104]",,,,
재난 대응 쉘터,도심 속 자연을 구현하기 위한 녹지 공간을 적극적으로 배치하였습니다. Mission value likely Democrat be.,"[0.571938, -0.706349, 0.146459, -0.794599, -0.568503, -0.049138, 0.85618, -0.085472, -0.951817, -0.479431, 0.522714, 0.219415, 0.524206, -0.024894, -0.677671, -0.824081, -0.620419, 0.659859, 0.282442, 0.961791, -0.086401, 0.874122, 0.028572, -0.779073, -0.895081, -0.588558, 0.810998, 0.202821, 0.690906, 0.779459, -0.986971, 0.517055, -0.778405, -0.786177, 0.467251, 0.041033, -0.083539, -0.8611, -0.782713, 0.134287, -0.511611, 0.902363, -0.1633, -0.427074, -0.144492, 0.490504, -0.703983, -0.789722, -0.102753, -0.606279, -0.82497, 0.008679, -0.199223, -0.348277, 0.855711, -0.359095, 0.749291, 0.106479, -0.60194, 0.020942, -0.353262, 0.706006, 0.437233, 0.770507, -0.826896, 0.549744, 0.804799, 0.849259, -0.446357, -0.538506, -0.236523, -0.362925, 0.735544, -0.368658, 0.489109, 0.957171, 0.174572, -0.396589, -0.786211, 0.02598, 0.574683, -0.454971, 0.135375, -0.617468, 0.907611, 0.067654, -0.297018, 0.753145, 0.646816, -0.810065, -0.739413, -0.627991, 0.775815, -0.897991, 0.198896, 0.34027, 0.939429, 0.229337, 0.678368, -0.077153, 0.386642, -0.293117, 0.508917, 0.914172, 0.633244, 0.635337, 0.211794, 0.419751, 0.178609, 0.851857, 0.945529, -0.872512, -0.651968, 0.712593, 0.92048, 0.843359, 0.83834, 0.111334, 0.606489, 0.541776, 0.619877, 0.098575, 0.761832, 0.66224, -0.816351, 0.909149, -0.941696, -0.025325, 0.656068, 0.721812, -0.122811, -0.892253, -0.025742, -0.580923, 0.368234, -0.753837, 0.250682, 0.904063, -0.216527, -0.250369, 0.701896, -0.562414, 0.452449, -0.129784, 0.374708, -0.627567, 0.324176, -0.671682, -0.220339, 0.169697, -0.280067, 0.165367, 0.920159, 0.255334, -0.062326, -0.141712, -0.079146, 0.610706, -0.225464, 0.033509, 0.711542, -0.43546, 0.397113, 0.818836, -0.886775, -0.861012, -0.917222, 0.861295, -0.608161, 0.004953, -0.78095, -0.401069, -0.049359, 0.787223, 0.289749, -0.680266, -0.296432, -0.605885, -0.090837, -0.245951, 0.614847, -0.640815, 0.83635, 0.602874, -0.598644, -0.317309, -0.728516, 0.42292, -0.198637, 0.028314, -0.586269, -0.225047, 0.969466, -0.946795, -0.345806, 0.669502, 0.846828, 0.417982, -0.176904, -0.290745, -0.765159, 0.039919, 0.440402, 0.717357, -0.661363, -0.844274, 0.52619, -0.41199, -0.35988, -0.974399, -0.850324, 0.211976, -0.713099, 0.193185, -0.798154, 0.030639, -0.554859, 0.606303, 0.769021, -0.931747, 0.564129, 0.218634, 0.952947, -0.49255, 0.250516, 0.446029, -0.469658, -0.681663, 0.251691, 0.637827, 0.793071, -0.745272, -0.659625, 0.250259, 0.949647, -0.567685, 0.787589, 0.260171, 0.446032, -0.205499, 0.470292, -0.286568, 0.266611, -0.976524, 0.902819, -0.605025, 0.860474, 0.184121, 0.464114, -0.901286, 0.551658, -0.920531, -0.844048, 0.690604, -0.227884, 0.57118, 0.931582, -0.410143, -0.991119, -0.990004, 0.587519, -0.145233, 0.556954, -0.585853, 0.522058, 0.663915, 0.361214, -0.218497, -0.007946, 0.495117, -0.251177, 0.957198, 0.109472, -0.631813, -0.665644, 0.564687, 0.589398, 0.10336, 0.398032, -0.733356, -0.142145, -0.726691, -0.141617, -0.96084, -0.417014, 0.97813, 0.351674, 0.022511, 0.969993, 0.251922, -0.145649, 0.370793, -0.559865, 0.419652, 0.922317, 0.830261, 0.342328, -0.631623, 0.607227, 0.775186, -0.529984, -0.260535, -0.482322, -0.868244, 0.062426, 0.134193, -0.875494, -0.426334, 0.947821, 0.16612, 0.585273, 0.907963, 0.900161, -0.605027, 0.220659, -0.525469, -0.009531, 0.63032, -0.966006, -0.52302, -0.077293, 0.612409, 0.850808, -0.658613, 0.581883, 0.066211, 0.648055, 0.669886, 0.041524, -0.767529, 0.389452, -0.563255, 0.433659, 0.096034, 0.910314, -0.538195, -0.166113, -0.008254, -0.056924, 0.731817, -0.82183, 0.800652, 0.275883, 0.96822, -0.136477, -0.748547, 0.27295, -0.092603, -0.715615, 0.715249, 0.115883, 0.494134, -0.239954, 0.13617, -0.442529, 0.36947, -0.129441, -0.907336, 0.189763, -0.129475, -0.124812, -0.543732, -0.284825, -0.934215, -0.196584, -0.412557, -0.924519, -0.946286, 0.921027, 0.730193, -0.482688, 0.900215, -0.002081, 0.301748, 0.179244, -0.450232, 0.64852, -0.225215, 0.875505, 0.040089, 0.279648, 0.147458, -0.922098, -0.077364]",,,,
도시 공원 설계,모듈러 구조를 활용하여 빠른 시공이 가능하도록 설계되었습니다. Up entire eight cultural manage.,"[0.986348, 0.576239, -0.345089, 0.516935, -0.14217, 0.59486, 0.755666, 0.081856, 0.364079, 0.785567, 0.678974, 0.934631, 0.914702, 0.519472, -0.652955, 0.066056, 0.781398, -0.255229, 0.736468, -0.885352, -0.550956, -0.568398, 0.106964, 0.600545, 0.472484, 0.632574, -0.17825, 0.056758, -0.11611, 0.017546, 0.134745, -0.814089, -0.703833, -0.791651, -0.971742, -0.900663, 0.871661, 0.272938, -0.811819, -0.026075, -0.882556, -0.86399, 0.401104, 0.828101, 0.633422, 0.02094, 0.73049, 0.099993, -0.048518, -0.39461, 0.872117, -0.300017, -0.388143, 0.927336, 0.614368, -0.316845, 0.758683, 0.346127, 0.806144, 0.909263, -0.385624, -0.935109, -0.011248, 0.311078, -0.834184, -0.090119, 0.080821, 0.66761, 0.694455, 0.264287, -0.681929, -0.236349, -0.509132, 0.003527, -0.528117, -0.43115, -0.421526, -0.843443, 0.871174, 0.141087, -0.186943, -0.57626, 0.663317, 0.691104, 0.370446, 0.357629, 0.116132, 0.324763, -0.071327, -0.960488, 0.242942, -0.769514, 0.57996, 0.991498, -0.844807, -0.476062, -0.425352, -0.064921, 0.395936, 0.421694, -0.671392, 0.183974, 0.891418, 0.742427, 0.995822, 0.450631, -0.924106, -0.766491, -0.928254, 0.089371, -0.306441, 0.967919, 0.423986, 0.268963, 0.122388, 0.147087, -0.718281, -0.705313, -0.38604, 0.673935, 0.179583, -0.768282, -0.756138, 0.374002, -0.46302, -0.173438, 0.416992, 0.973559, -0.179572, 0.414155, -0.151675, 0.782937, -0.591161, -0.261622, -0.182048, -0.113753, -0.719945, 0.886607, 0.77871, 0.245434, -0.562636, -0.344183, -0.928547, -0.476283, 0.042744, -0.063897, 0.044786, 0.897501, 0.613992, 0.135096, -0.004643, 0.378421, 0.408558, -0.81892, -0.270144, 0.080083, -0.005117, 0.456856, 0.370864, -0.485289, -0.300618, 0.578806, -0.302572, 0.182776, -0.289746, 0.114799, 0.407703, 0.524959, 0.8309, 0.902559, -0.332153, -0.934904, 0.323853, 0.370005, -0.306889, -0.932404, 0.92505, 0.894531, 0.543715, -0.279299, -0.066305, -0.24064, -0.478938, 0.023228, 0.189585, -0.628153, -0.548334, 0.334169, 0.876604, 0.884026, -0.257023, 0.167227, 0.606128, 0.553176, -0.747659, 0.298863, -0.474016, 0.098688, 0.528038, -0.029408, -0.873563, -0.835727, -0.04605, -0.583888, -0.831541, -0.520726, -0.2411, -0.013614, 0.589488, 0.443716, 0.638708, 0.5088, -0.977694, -0.766305, -0.866762, 0.76719, -0.163994, 0.360993, 0.83109, 0.316457, 0.927944, 0.301928, -0.068207, 0.392889, 0.443268, -0.283186, -0.24707, 0.422063, 0.30341, 0.985266, 0.035228, -0.147431, 0.395646, -0.768782, -0.405053, -0.754908, -0.512988, -0.281132, -0.15448, -0.306373, 0.693185, 0.426613, -0.870954, 0.325221, 0.961232, 0.762089, -0.57318, -0.466485, 0.659044, -0.039412, -0.351267, -0.900791, -0.019681, 0.173893, 0.984085, 0.835324, -0.745458, 0.803072, -0.708233, -0.621142, -0.058055, -0.164049, -0.995642, -0.87621, 0.914825, -0.059099, 0.334213, 0.003742, 0.488293, 0.269187, 0.908295, 0.29379, -0.533451, 0.104127, 0.433461, 0.982253, 0.049967, 0.123497, -0.213827, -0.850633, 0.016703, -0.766052, -0.621261, 0.884865, 0.831773, 0.288616, -0.981338, 0.250427, -0.424237, 0.844994, -0.321401, -0.451056, -0.720855, 0.73873, -0.905185, 0.377612, 0.239722, 0.213932, 0.891568, -0.12467, 0.232537, 0.361828, 0.012634, 0.724115, 0.34761, 0.769848, -0.652017, 0.995112, 0.396925, -0.010449, -0.951919, 0.116585, 0.567609, 0.509283, -0.891586, 0.977605, -0.745687, 0.096318, 0.561423, 0.196097, -0.945444, 0.098055, -0.349211, 0.209931, 0.762693, 0.216731, -0.900462, 0.792679, -0.219651, -0.419991, -0.70069, -0.938888, 0.030036, 0.691155, 0.021952, 0.206742, -0.83862, -0.904076, 0.20674, -0.663069, -0.668456, -0.056404, 0.918071, -0.900648, -0.781823, -0.728208, -0.171758, 0.497374, -0.28556, -0.202254, -0.614927, 0.83564, -0.877869, 0.91323, 0.774071, -0.60836, 0.883866, 0.920136, -0.31298, 0.752575, 0.081073, 0.968061, 0.082359, 0.792656, -0.165116, -0.994995, -0.744972, 0.169546, -0.537979, 0.661377, -0.611141, 0.050145, -0.690422, -0.599434, 0.365968, 0.32625, 0.536845, 0.414384, 0.153004, -0.202842, -0.837361, 0.669319, 0.938084, -0.355482]",,,,
지능형 빌딩 구조,AI 시스템을 활용하여 실시간 환경 제어가 가능하도록 구성되었습니다. School perform ball hotel top.,"[-0.437581, -0.828477, 0.654945, 0.490024, -0.64196, -0.057206, 0.115778, -0.627419, -0.562462, 0.298758, -0.23124, -0.411661, 0.602485, -0.034218, -0.600425, -0.301246, 0.41249, 0.197748, -0.201109, 0.310794, -0.390756, 0.33409, 0.221692, -0.15871, 0.049341, -0.641585, -0.918492, -0.277738, -0.474866, 0.621502, -0.738788, 0.216124, -0.879441, 0.183346, -0.271037, 0.306123, -0.281864, -0.851988, 0.648708, 0.561689, -0.97575, 0.185577, 0.168838, -0.423758, 0.605077, -0.133665, 0.0743, -0.003364, 0.275557, -0.083853, -0.59312, -0.42558, -0.918194, -0.57134, 0.52451, -0.912813, -0.447732, 0.536645, 0.417497, -0.83452, -0.08647, 0.524374, -0.371568, 0.36323, -0.705822, 0.560655, -0.455711, 0.493216, -0.04775, 0.744079, -0.218744, 0.911298, -0.511985, 0.609737, 0.535918, 0.564426, -0.806043, 0.442256, -0.493882, 0.146011, 0.233234, -0.449721, 0.790409, 0.110817, 0.175394, -0.347929, -0.507276, 0.169064, 0.81672, 0.311362, 0.109375, -0.446095, 0.782027, -0.210156, -0.856668, 0.803705, 0.546365, 0.200469, 0.284817, -0.008196, -0.459035, 0.427076, -0.599658, 0.3806, 0.074223, 0.409441, -0.384847, -0.867672, -0.723686, 0.507144, -0.623051, -0.836448, -0.450231, -0.026535, -0.812853, -0.290443, -0.580486, -0.703252, 0.324693, 0.452834, 0.173357, 0.389434, -0.151552, -0.473822, 0.714266, 0.756757, -0.772975, 0.358173, 0.988968, -0.858833, -0.099268, -0.624622, 0.865638, -0.343355, 0.609601, -0.247922, -0.813114, 0.686656, -0.215256, -0.125526, 0.442925, -0.184754, -0.374817, 0.604314, 0.640211, -0.189121, -0.911524, -0.681234, 0.344961, -0.397838, 0.079188, 0.350042, 0.403672, -0.595223, 0.944084, -0.779402, -0.41581, -0.74533, -0.08406, 0.152635, 0.325057, -0.330447, 0.76784, 0.29616, 0.813953, -0.301054, -0.681598, -0.02065, -0.20614, 0.122969, 0.404666, 0.511456, 0.073138, 0.620982, 0.883234, 0.387899, 0.316918, -0.887218, 0.00929, -0.056671, 0.62976, 0.053733, 0.026957, 0.311565, -0.561298, 0.925512, -0.627484, 0.002268, -0.980065, 0.49574, 0.104018, 0.465281, 0.630138, -0.668672, -0.467406, -0.102033, -0.582058, -0.786395, 0.845054, -0.950612, -0.923637, -0.195006, 0.816952, 0.126402, 0.650046, -0.607466, 0.181852, 0.904932, -0.532599, 0.731224, -0.613946, 0.182835, -0.677765, 0.340725, 0.611732, 0.778237, 0.154983, 0.97322, 0.818794, 0.536402, -0.496646, -0.598906, 0.906584, 0.761137, -0.25335, 0.545301, -0.209874, 0.348322, 0.706982, -0.647985, 0.600371, -0.173097, -0.529671, -0.194433, 0.788427, 0.12793, 0.522119, -0.172104, 0.313238, -0.490703, 0.328728, 0.680067, -0.239899, 0.428425, 0.632387, 0.015299, 0.118915, -0.187761, -0.622685, 0.350993, -0.848174, 0.544302, 0.118301, -0.065135, -0.392892, 0.382938, -0.212323, 0.486046, 0.970024, 0.672213, -0.740203, 0.555648, -0.442052, -0.792314, 0.425352, -0.140575, 0.184879, -0.305049, 0.518016, -0.132733, -0.889414, 0.487397, -0.291737, 0.776291, -0.75115, 0.779177, -0.790688, -0.335154, -0.873621, -0.020741, 0.17959, -0.377928, 0.601137, -0.11472, 0.450311, 0.654852, 0.679792, -0.887418, -0.159749, -0.579068, -0.275605, 0.862111, -0.093191, 0.3435, -0.181589, -0.00628, 0.769404, -0.353598, -0.062241, -0.320985, -0.578172, -0.411406, -0.185518, 0.668378, -0.971997, -0.897462, -0.595039, -0.580812, -0.575597, -0.707347, -0.778734, -0.775838, 0.525218, 0.344234, 0.620941, -0.306361, -0.438795, 0.757986, 0.428967, -0.316351, 0.397528, -0.506468, -0.107621, -0.830397, -0.304797, -0.51241, 0.66377, 0.439982, -0.794146, 0.42049, 0.199452, 0.471732, 0.582154, -0.53466, -0.676597, -0.360486, 0.629759, -0.3347, 0.653149, -0.747803, 0.820108, -0.651564, 0.62896, -0.343432, -0.881263, 0.573599, 0.837404, -0.618199, -0.99318, 0.294203, -0.221399, -0.526841, -0.953727, -0.770031, -0.923146, -0.749433, -0.655601, 0.325687, 0.348616, 0.679552, 0.696891, -0.347713, -0.525152, -0.117871, 0.320685, -0.144981, 0.393787, -0.815518, -0.698442, 0.251767, -0.473083, 0.623566, 0.209908, 0.718879, 0.175881, 0.028575, -0.479846, 0.843466, -0.597129, -0.958327, -0.079098, -0.518579, -0.940008, -0.082427]",,,,
지능형 빌딩 구조,모듈러 구조를 활용하여 빠른 시공이 가능하도록 설계되었습니다. Their fly produce crime.,"[-0.096412, -0.546802, 0.42563, -0.752356, 0.888562, -0.554418, -0.342836, 0.546096, 0.807109, -0.691715, 0.57514, -0.440995, -0.166524, -0.355807, 0.355514, 0.822053, -0.533296, -0.901742, -0.161223, -0.89404, -0.770231, 0.420068, -0.457673, 0.95015, 0.434319, 0.342081, 0.455043, -0.011103, -0.910566, 0.287804, 0.922018, 0.376762, 0.523421, -0.390645, -0.974942, 0.884392, -0.989805, 0.247847, -0.137479, -0.34402, 0.022451, 0.094559, 0.285522, 0.796189, 0.381395, -0.289121, 0.038233, -0.437479, 0.872251, 0.385562, 0.705684, 0.83357, -0.166483, 0.64942, 0.114318, -0.487835, 0.761776, -0.467337, 0.078996, -0.556287, 0.383408, 0.610314, -0.759361, 0.790209, -0.220492, 0.526473, 0.383115, -0.70191, -0.947084, 0.102112, 0.963234, 0.146269, -0.224187, -0.199622, -0.807144, -0.420744, -0.764771, 0.202421, 0.993479, -0.458922, 0.65156, 0.279133, -0.519985, -0.517297, 0.181312, -0.384151, 0.425287, 0.428122, 0.751723, -0.121996, 0.605923, 0.634625, -0.648032, 0.003804, -0.042117, -0.183294, 0.111407, -0.35024, -0.784156, 0.486232, -0.65714, -0.237129, -0.27736, 0.837482, -0.037591, 0.565272, -0.736052, 0.775822, -0.313623, -0.940439, -0.571556, 0.722859, -0.011892, -0.380987, 0.229311, -0.475305, -0.27656, 0.291134, 0.964143, 0.205983, 0.501976, -0.314814, 0.223544, 0.372035, 0.498657, -0.070321, -0.399782, -0.782652, 0.734509, -0.904262, 0.914143, 0.60189, 0.559917, 0.171421, -0.995955, -0.250539, -0.702737, -0.793219, 0.957424, 0.367841, 0.544104, -0.376945, -0.009321, -0.061066, 0.688677, -0.878746, -0.637139, -0.507001, -0.616178, 0.610492, -0.441792, -0.495201, 0.501871, 0.888501, 0.881425, -0.807205, -0.936564, 0.006111, 0.123386, 0.191265, -0.275015, -0.911112, -0.606515, -0.497411, 0.19202, -0.479909, -0.147091, 0.986202, -0.802381, -0.210329, 0.936298, 0.459299, 0.28481, -0.84901, 0.413889, 0.818592, 0.460614, -0.001698, 0.926694, -0.682962, -0.071955, 0.593157, 0.015409, 0.650919, 0.941079, -0.864525, -0.992903, -0.500233, 0.727786, 0.346468, 0.666803, -0.302271, 0.657644, -0.339455, -0.168821, -0.847006, 0.33086, -0.213005, 0.120599, 0.684934, 0.532085, 0.101764, 0.482266, 0.571909, 0.922286, 0.830984, -0.615719, -0.375662, -0.423417, 0.081199, 0.106406, -0.917211, -0.746772, 0.324232, 0.970768, -0.883, 0.877127, 0.810828, 0.012655, -0.509133, 0.743726, 0.045382, -0.736688, -0.889428, -0.691102, 0.114325, 0.958382, -0.915716, -0.635938, 0.22745, 0.280093, -0.065879, 0.035372, -0.563941, 0.630828, -0.751068, 0.013317, -0.862754, -0.931036, 0.462345, 0.754719, 0.156956, 0.286957, -0.079211, 0.060321, 0.939372, 0.114658, 0.536137, -0.367332, -0.604683, 0.836554, 0.387296, -0.348373, 0.358765, -0.508291, 0.412846, 0.419814, 0.518417, -0.128206, 0.581322, 0.430478, -0.340855, 0.319123, 0.248819, 0.914659, 0.09228, 0.729509, -0.265611, 0.259877, 0.670745, 0.840543, 0.787715, -0.552158, -0.273475, -0.472177, 0.75931, -0.022209, 0.712646, 0.192053, -0.178771, -0.262139, -0.421485, -0.01009, 0.148463, 0.267378, -0.26184, -0.475115, 0.534601, -0.619546, 0.109232, -0.288322, -0.576123, -0.346029, 0.433714, 0.947144, -0.566047, 0.801956, 0.574833, 0.319615, -0.507738, 0.299798, 0.689877, 0.611281, -0.920521, -0.511584, 0.29477, 0.002658, -0.072666, 0.329408, -0.882623, 0.8829, -0.804061, 0.124531, -0.8833, -0.431685, -0.942681, 0.050374, -0.333309, -0.347669, 0.637469, 0.812534, -0.69926, 0.428322, -0.064921, 0.139988, -0.558023, -0.33004, -0.870846, -0.022375, -0.762072, 0.519852, -0.503733, -0.810347, -0.129351, -0.643199, -0.747241, -0.681615, -0.784381, 0.498678, -0.19502, 0.666532, -0.328211, -0.902036, 0.169177, 0.099942, 0.587893, 0.857093, 0.277071, -0.312381, -0.887336, 0.94427, -0.626197, 0.519564, -0.447909, -0.567309, 0.987047, -0.075781, -0.750582, 0.078917, -0.08181, -0.493804, 0.59681, 0.652194, -0.725527, -0.416569, 0.952563, -0.52328, 0.481727, 0.251605, -0.493781, -0.261184, -0.04126, 0.226828, -0.16053, -0.968228, -0.621813, -0.757534, 0.417038, 0.390803, 0.202809, -0.426155, 0.598029, 0.578213, 0.167391]",,,,
친환경 스마트홈,이 설계안은 자연 채광과 환기를 최대화하기 위한 구조로 설계되었습니다. Reveal player begin together.,"[0.405094, -0.080306, -0.233404, -0.981042, 0.876532, -0.808309, -0.758893, 0.994565, -0.380993, -0.501361, 0.576003, -0.558289, -0.773629, -0.90437, 0.163886, 0.011082, 0.311462, 0.418057, 0.05291, 0.36156, -0.50646, 0.14669, -0.469073, -0.822307, -0.258537, 0.517697, 0.23063, 0.844345, -0.232557, 0.278848, -0.737498, -0.390975, -0.76892, 0.020311, -0.974488, -0.044955, 0.952101, -0.879661, -0.52864, -0.885723, -0.020773, -0.037503, 0.260948, 0.492547, 0.778519, -0.055092, 0.099687, 0.462721, -0.300525, 0.133551, 0.775873, 0.971378, 0.195692, -0.211985, 0.839468, 0.921896, -0.92706, 0.907674, -0.543396, 0.208574, -0.444758, 0.016374, 0.234837, 0.175637, 0.802207, 0.568169, 0.176468, -0.908124, -0.898446, -0.164045, 0.122756, -0.189076, 0.464992, -0.18571, 0.520303, 0.148556, 0.705869, -0.766748, 0.407087, -0.009628, -0.245428, 0.656938, -0.079858, -0.389361, -0.708498, 0.533957, -0.660427, -0.254232, -0.435401, 0.013704, 0.045247, -0.52624, -0.918337, 0.355642, -0.022403, -0.627526, 0.142329, -0.637208, 0.625009, -0.506836, -0.355832, 0.786467, -0.161381, 0.752124, 0.657255, -0.945008, -0.922325, -0.601999, -0.954076, 0.343777, -0.412179, 0.937304, -0.077035, -0.057132, -0.871158, 0.471043, 0.719403, 0.881179, 0.03306, 0.202926, -0.520288, 0.11115, 0.405736, -0.0518, -0.858216, 0.733085, 0.417544, -0.694402, 0.938937, 0.386164, 0.505624, 0.752922, 0.467489, 0.558043, -0.26042, -0.308284, -0.774602, 0.20112, -0.170755, -0.85663, -0.868141, -0.693769, -0.274119, 0.564074, 0.809883, -0.418154, 0.794268, 0.599551, -0.698209, -0.513021, -0.249604, 0.230999, 0.915561, -0.576204, -0.190974, 0.887418, -0.551205, -0.937151, -0.014337, 0.33797, -0.806616, 0.358249, 0.759826, -0.272566, -0.157263, 0.149373, -0.716938, -0.056928, 0.700413, 0.952812, 0.321807, 0.582405, 0.39431, -0.07365, 0.879699, -0.423286, 0.800723, 0.407509, 0.118171, 0.73364, -0.06261, 0.490194, -0.874135, 0.106605, 0.50005, -0.997406, 0.486424, 0.774396, 0.919427, -0.54382, -0.365347, 0.852826, -0.181277, 0.9043, 0.118357, -0.264277, -0.156027, -0.847241, 0.829905, 0.69497, -0.22884, -0.56764, 0.892192, 0.749913, 0.212695, 0.266918, -0.260476, 0.199492, -0.644462, 0.09974, -0.153641, 0.800998, -0.463148, -0.047742, -0.599524, -0.648087, 0.469479, 0.355022, 0.99745, -0.662311, 0.489499, 0.029204, -0.959624, 0.816552, -0.199114, 0.495405, 0.690202, 0.364396, -0.175657, 0.205397, 0.073731, 0.437644, 0.688043, 0.175595, -0.908929, 0.273959, -0.555621, -0.373011, 0.603295, -0.625745, -0.530109, -0.575165, -0.421267, 0.04237, 0.315674, 0.848335, -0.652276, -0.810041, 0.507762, -0.171802, -0.129678, 0.601298, 0.162158, 0.509789, 0.529844, -0.360925, -0.901867, -0.727501, 0.719449, 0.820906, -0.994079, -0.919302, -0.512548, -0.394319, -0.692291, 0.959421, 0.591705, 0.922084, 0.664652, 0.622514, -0.462735, -0.109155, -0.940053, 0.549561, 0.990374, -0.318376, -0.330365, -0.3381, 0.457672, 0.19246, 0.185258, -0.406078, -0.671411, -0.70547, 0.788464, -0.608296, -0.650823, 0.574818, -0.588831, -0.643413, 0.24579, -0.757479, 0.154488, -0.365521, 0.570375, 0.142102, -0.311452, -0.040284, -0.846948, 0.415472, 0.412548, -0.849824, 0.049646, 0.636522, -0.416484, 0.323121, 0.235139, -0.509409, 0.980928, -0.800547, -0.919647, -0.556572, 0.058688, -0.271584, -0.200049, -0.140474, 0.224263, 0.27635, -0.771358, 0.543276, 0.842514, 0.102358, 0.592575, -0.54255, 0.986376, -0.58145, 0.72426, 0.646566, 0.216041, -0.524778, -0.238892, -0.9048, 0.342457, 0.755451, 0.070036, 0.308841, 0.595938, -0.834744, -0.134107, 0.472908, -0.530539, -0.39911, 0.595594, 0.210325, 0.582775, -0.377366, 0.21099, 0.796725, 0.545015, -0.638556, -0.988798, -0.461221, -0.916254, 0.865487, 0.611782, -0.19161, 0.043904, 0.779422, -0.307428, 0.588671, -0.519958, 0.050672, -0.861324, -0.868521, -0.408064, 0.992368, 0.113603, -0.766721, 0.215252, 0.324079, -0.979278, 0.015797, -0.100215, 0.852416, -0.500047, 0.271179, -0.262195, -0.046605, 0.727742, -0.769051, 0.340227, -0.970052, 0.51872, 0.903588]",,,,
재난 대응 쉘터,태양광 패널과 지열 에너지를 활용하여 에너지 자립을 목표로 합니다. Every music foreign west seek however.,"[0.308413, -0.111818, -0.672132, 0.282615, 0.722309, 0.851348, -0.463857, 0.364255, 0.141806, 0.683072, -0.260936, -0.496256, 0.60731, 0.837501, -0.527978, -0.637512, -0.360508, -0.082706, 0.40842, -0.274172, -0.33385, 0.639775, -0.249775, 0.227576, -0.54835, 0.817027, 0.984258, 0.136338, -0.61254, -0.353224, 0.286136, 0.218043, -0.251095, 0.543085, 0.386104, 0.287316, -0.058883, -0.148017, 0.909058, -0.327924, 0.835828, 0.787185, 0.831506, -0.287031, 0.800139, 0.000722, 0.354309, 0.865912, 0.03462, -0.788386, -0.368194, 0.150616, -0.879113, 0.500149, 0.048894, -0.129417, 0.009339, 0.695651, 0.360414, -0.493464, 0.403853, -0.081579, 0.363986, 0.966213, -0.068782, -0.339458, -0.357665, 0.723869, 0.474494, -0.861756, 0.131735, -0.56158, 0.702742, -0.557623, 0.790492, 0.474526, -0.331197, 0.398471, -0.973864, 0.338453, -0.073067, 0.238694, -0.620296, 0.17715, -0.390835, 0.157908, -0.272008, -0.846735, -0.282067, -0.740635, 0.693855, 0.741626, -0.893435, -0.062817, -0.171528, 0.83305, -0.011965, 0.939001, 0.50457, -0.325321, -0.718868, 0.255942, -0.130028, 0.424298, -0.675424, -0.760177, 0.820195, -0.942233, 0.632097, 0.743216, -0.337091, -0.390079, -0.751804, -0.02402, 0.461883, -0.357898, 0.639501, 0.241023, 0.031808, -0.079705, 0.847946, 0.40747, -0.748223, 0.602499, 0.02491, -0.15824, 0.053192, 0.72294, 0.895542, 0.89592, -0.981793, -0.558253, -0.644377, 0.538317, 0.016726, -0.251269, -0.599055, -0.254909, 0.006677, -0.881245, -0.074892, 0.096795, 0.269974, -0.330155, -0.23858, 0.425325, 0.729453, -0.756104, -0.241538, -0.081233, -0.65821, 0.241183, -0.166595, 0.227475, -0.659607, 0.472035, -0.994124, -0.320935, -0.724697, -0.559484, 0.890708, 0.775079, 0.486388, -0.183459, -0.499993, -0.391188, -0.607755, 0.196606, 0.722036, -0.463483, -0.965749, -0.238353, -0.703, 0.097472, 0.012531, 0.95915, -0.088772, 0.166824, 0.871373, 0.599616, -0.963273, 0.961517, 0.02124, 0.330455, 0.832179, 0.345318, 0.258265, -0.685821, -0.152086, -0.961457, 0.186715, 0.553349, -0.831106, 0.957363, -0.068876, -0.46443, 0.835003, 0.671749, 0.780266, -0.911891, -0.128093, -0.67795, 0.779839, 0.453968, 0.746346, -0.159906, 0.115907, 0.242261, 0.850856, -0.921007, -0.995492, 0.191255, -0.806642, 0.540086, -0.862716, 0.68908, -0.595539, -0.109163, 0.565215, -0.82791, 0.76082, 0.553739, -0.153795, -0.790501, -0.013422, 0.271861, 0.771209, 0.129865, 0.423637, 0.81732, 0.310407, -0.371838, -0.233543, 0.568713, -0.314058, 0.192225, -0.628334, 0.225475, -0.486641, -0.956437, -0.842815, 0.394773, 0.824286, -0.739065, 0.052966, 0.342589, 0.463543, 0.550086, -0.59786, -0.143801, 0.799913, -0.775991, -0.997573, 0.709571, 0.8518, -0.409271, 0.221795, 0.782576, -0.734074, 0.800299, -0.552152, 0.364985, 0.76402, 0.643026, 0.9778, 0.672792, 0.120192, -0.558566, -0.886497, 0.830954, -0.956263, -0.075948, -0.358408, 0.815317, 0.990541, -0.682241, 0.28908, 0.323948, 0.619991, -0.301745, 0.695472, -0.313507, 0.192078, -0.605155, -0.286551, 0.38432, 0.970621, 0.489303, -0.231948, -0.345962, -0.801246, -0.136643, -0.008697, 0.548265, 0.636925, -0.353193, -0.905308, 0.662594, 0.558769, -0.485319, -0.781519, -0.723374, -0.053101, 0.71061, 0.102162, -0.830456, -0.281273, -0.646566, 0.595465, -0.009707, -0.804386, -0.368364, 0.710667, -0.976776, 0.668495, 0.397292, -0.910735, -0.84399, 0.945091, 0.381069, -0.045754, 0.24174, -0.363745, -0.046827, 0.282342, 0.889032, 0.154915, 0.928495, -0.969548, -0.30098, -0.946295, 0.315742, 0.365517, -0.822284, -0.01942, -0.294264, -0.105424, -0.910861, 0.790744, -0.588191, -0.860966, -0.077166, -0.496909, 0.286644, 0.665409, 0.316453, -0.856475, 0.110729, 0.210368, -0.386406, 0.695399, -0.879214, -0.992456, -0.802791, 0.963404, 0.727472, -0.411915, -0.662696, -0.683137, -0.892044, -0.577065, -0.851046, -0.210157, 0.658986, -0.189368, -0.089625, -0.085366, -0.614321, -0.732123, -0.476366, 0.362236, -0.397885, -0.491338, 0.31734, 0.297241, 0.976633, -0.304207, 0.342881, -0.155348, -0.924797, -0.750774, 0.001351, 0.866404, 0.174588]",,,,
도시 공원 설계,이 설계안은 자연 채광과 환기를 최대화하기 위한 구조로 설계되었습니다. Hour community late along.,"[0.428217, 0.978284, 0.827359, -0.838034, -0.056094, 0.90931, 0.072604, -0.558434, -0.775492, 0.6758, -0.980356, -0.905339, -0.881293, -0.467098, -0.762938, -0.732914, 0.263456, 0.983123, 0.782069, -0.425479, 0.595203, -0.964474, 0.574076, 0.269328, 0.446369, -0.398608, 0.877566, 0.84264, 0.269339, -0.503555, 0.107324, 0.131112, 0.532899, 0.031625, 0.065728, 0.535407, 0.011945, -0.697922, -0.506284, 0.490523, -0.105501, 0.03949, 0.55098, 0.880605, 0.840259, 0.769306, 0.023416, 0.954704, -0.560898, -0.628954, 0.670805, -0.41637, -0.778701, 0.924038, -0.747861, -0.712222, 0.727752, -0.021574, -0.439349, -0.1849, -0.051339, -0.841568, 0.036583, -0.647357, -0.596409, -0.198533, -0.230597, 0.711951, -0.134511, -0.83857, 0.872856, -0.558749, -0.96999, 0.814047, 0.658195, 0.64374, -0.284069, -0.929185, 0.168462, -0.600018, -0.908957, -0.420437, -0.883161, -0.183771, -0.208883, 0.95738, 0.564538, -0.29833, -0.824856, 0.21375, -0.923537, 0.59754, -0.184718, -0.775601, -0.932885, 0.091162, -0.063689, -0.963902, 0.72429, 0.474603, 0.922566, -0.325444, 0.450655, 0.412132, -0.642291, -0.699649, -0.647466, -0.638463, 0.129491, -0.041849, 0.158144, -0.902301, -0.009686, 0.712906, -0.513471, -0.522973, -0.018951, -0.722256, -0.132358, -0.954105, 0.590023, 0.140888, -0.924084, -0.036069, 0.455525, 0.747704, -0.423636, 0.836706, 0.117264, 0.918692, -0.410742, -0.282602, 0.595716, 0.094038, 0.572316, -0.813767, 0.750326, 0.384471, -0.69245, -0.984465, -0.286828, -0.230729, 0.085787, -0.06289, -0.734442, 0.51513, 0.058837, 0.679992, -0.090997, 0.178843, 0.287215, -0.0127, 0.23238, 0.173372, -0.878985, 0.040961, -0.189699, -0.494325, 0.564469, -0.117502, -0.438144, -0.659529, -0.170739, -0.41817, 0.919944, -0.205481, -0.018997, -0.317194, -0.676267, -0.374846, 0.517587, -0.335854, 0.700405, 0.745289, 0.405035, -0.79923, 0.411935, 0.284179, -0.427643, -0.470718, 0.473621, -0.423812, -0.265449, -0.466385, -0.896676, -0.888445, 0.401074, -0.266354, -0.14185, 0.493578, -0.295993, -0.7693, -0.570556, 0.884032, 0.921648, -0.799927, -0.948017, 0.258813, -0.79424, 0.131401, -0.397161, -0.213147, 0.299389, 0.80022, -0.497885, 0.468823, -0.570437, 0.38686, -0.996209, 0.191512, -0.507859, 0.186878, -0.765574, -0.26081, 0.174059, -0.859931, 0.053078, -0.900559, 0.234718, 0.657987, 0.520737, -0.827037, 0.250907, -0.575624, 0.406115, 0.700632, 0.837975, 0.044747, -0.790629, 0.227109, -0.703915, 0.116158, 0.267325, 0.470123, 0.807388, -0.292684, 0.880165, 0.09746, 0.651897, 0.795491, -0.120005, -0.831241, -0.282193, 0.476579, 0.122096, -0.649194, -0.383862, 0.252659, -0.691363, 0.650473, 0.730649, -0.302498, -0.722118, -0.77344, -0.68746, -0.204249, 0.642872, 0.587229, 0.71154, 0.574603, -0.399462, 0.900857, -0.773786, -0.171639, 0.548492, 0.586424, -0.494167, 0.606379, -0.854436, 0.833339, -0.763615, -0.552272, -0.541966, 0.104995, 0.453516, 0.059173, 0.953575, -0.402731, -0.132169, 0.245247, 0.553269, -0.529267, 0.346823, -0.396516, -0.388873, 0.046859, -0.824616, -0.177523, 0.576088, 0.152695, -0.703571, -0.648488, -0.161726, -0.745466, 0.91033, -0.220801, 0.346262, -0.433395, -0.601375, 0.121757, 0.686493, 0.828657, 0.718023, -0.508023, 0.951744, -0.242667, 0.431276, 0.666243, 0.336313, 0.26893, 0.661677, 0.228073, -0.371761, 0.412574, 0.739629, 0.911195, 0.25946, 0.50566, -0.812774, 0.025184, 0.302094, -0.338237, 0.417703, 0.66873, 0.464299, -0.615982, 0.677097, -0.403874, 0.760959, 0.438784, -0.231392, -0.774281, -0.164528, 0.141409, -0.219267, 0.033374, 0.933985, -0.151893, -0.962995, -0.872793, 0.123842, -0.38018, 0.853028, -0.185302, 0.751213, -0.652565, 0.853024, -0.847739, -0.41824, -0.002943, -0.182552, -0.055315, -0.359699, -0.444956, 0.792357, 0.431312, 0.233553, 0.451322, 0.351655, 0.392829, -0.81328, 0.164297, 0.767522, 0.233136, -0.536419, 0.906937, 0.641476, 0.090564, -0.762145, -0.797911, -0.642833, -0.617123, 0.600187, 0.509969, 0.415282, -0.429803, 0.72638, -0.449853, 0.1014, 0.209124, 0.531773, -0.507795, 0.384345, -0.699761]",,,,
재난 대응 쉘터,모듈러 구조를 활용하여 빠른 시공이 가능하도록 설계되었습니다. For sister more week.,"[-0.048996, 0.325642, 0.504875, -0.57921, 0.190671, -0.528357, -0.253388, 0.95549, -0.983552, -0.288986, 0.996344, 0.459733, 0.665353, -0.854645, -0.104649, -0.440024, 0.73002, -0.078029, 0.447347, 0.369395, 0.398377, -0.805775, 0.68788, -0.478507, -0.273423, 0.940732, 0.411629, -0.027855, 0.104673, 0.011707, 0.287438, 0.203208, -0.72011, -0.549343, -0.805424, 0.76756, 0.131639, -0.062748, 0.696541, 0.437145, -0.742573, 0.517518, -0.071795, 0.769894, -0.838319, -0.395376, 0.334724, 0.174955, -0.801051, -0.327829, 0.911425, -0.891694, -0.699396, -0.305183, -0.044323, 0.561819, 0.483461, -0.505621, 0.261715, -0.531299, 0.452234, -0.426744, 0.902129, -0.212969, -0.609141, 0.217906, -0.695476, -0.392575, 0.341979, 0.458042, -0.495299, 0.352092, 0.052707, -0.965724, 0.085908, 0.38711, 0.933551, 0.940939, -0.106783, 0.172376, 0.172684, 0.112242, -0.052297, 0.211172, 0.939024, 0.623855, 0.395187, 0.928057, -0.200431, -0.486064, -0.208147, -0.341916, -0.684844, -0.929543, -0.807579, 0.137226, -0.753425, -0.963712, 0.574121, -0.805724, -0.426129, -0.588997, -0.479729, -0.780098, 0.572699, 0.101692, -0.561372, 0.713169, 0.742605, -0.897766, 0.901525, -0.816929, -0.672923, 0.719564, -0.136896, 0.593565, 0.527985, 0.044274, 0.989678, 0.897797, -0.225317, 0.031707, 0.955713, -0.565555, -0.103515, 0.250838, -0.74322, 0.09075, 0.136181, 0.683885, 0.694988, 0.751526, -0.982439, 0.083998, 0.846442, 0.341108, -0.307254, 0.124967, 0.967453, -0.218432, 0.371924, 0.4575, -0.14833, 0.644584, -0.699153, -0.154855, -0.146262, 0.390457, 0.909061, -0.271995, 0.906703, 0.012441, 0.935646, -0.996169, 0.362851, 0.38595, 0.479919, 0.745637, -0.252412, 0.230784, 0.77434, -0.710341, -0.020888, 0.348443, -0.077003, 0.269338, -0.56661, 0.160001, -0.309918, 0.977159, 0.486997, -0.980988, -0.853022, -0.236486, -0.314371, -0.147425, -0.626549, -0.628925, -0.437025, 0.209051, 0.405521, 0.944706, 0.129641, 0.557768, -0.62904, -0.745916, -0.423011, -0.426639, 0.683686, -0.317119, 0.376904, 0.856457, -0.356013, 0.630259, 0.251443, -0.675523, 0.781152, -0.684638, 0.869106, -0.033008, 0.872683, -0.14338, -0.464828, 0.64403, 0.630109, -0.590326, 0.373787, -0.401602, 0.804208, 0.365932, -0.631925, -0.733984, 0.684359, 0.416623, 0.862808, -0.598871, 0.244038, 0.798462, -0.471595, 0.730931, -0.254443, 0.351696, 0.454084, -0.708865, -0.270436, -0.106196, -0.800919, 0.526829, -0.914186, 0.130085, 0.587443, 0.229548, 0.530984, -0.833173, -0.254763, 0.958434, -0.121162, 0.430814, -0.361089, 0.951199, 0.011865, -0.729983, -0.910359, 0.570737, -0.554291, 0.675461, -0.356027, -0.901366, 0.693892, -0.29771, -0.528565, -0.716863, -0.081466, 0.735468, -0.855124, -0.804788, 0.879057, 0.423507, 0.706065, -0.546446, -0.62649, 0.837377, -0.984236, -0.696807, 0.024266, 0.122714, 0.863035, -0.727142, -0.277402, -0.510002, -0.325094, 0.479814, -0.619551, 0.558843, -0.156256, 0.479481, 0.831344, 0.518382, 0.352952, 0.362144, -0.435325, 0.873678, 0.107903, 0.041115, 0.161357, -0.714952, -0.302595, 0.777461, 0.643005, -0.389511, 0.194445, 0.175984, -0.676886, 0.535302, -0.847567, -0.232593, 0.023641, 0.686246, -0.088, -0.925024, 0.547151, 0.341635, 0.514255, -0.320974, -0.159818, -0.67133, -0.012222, 0.883875, 0.05685, 0.3687, 0.559596, 0.779477, 0.202324, 0.389328, 0.504906, -0.042605, 0.005023, -0.565781, -0.440958, -0.236286, 0.013368, 0.718885, -0.970443, -0.127987, 0.259762, -0.59467, -0.747869, -0.795295, -0.42176, 0.263457, 0.899179, -0.317152, 0.592776, 0.418506, -0.020235, 0.311016, 0.891978, 0.13379, -0.38561, -0.468152, 0.787563, -0.82843, -0.842142, 0.568324, -0.642562, 0.745964, -0.596159, 0.443076, -0.311297, 0.492008, -0.971027, 0.355577, -0.205441, -0.671239, 0.180662, -0.75844, 0.181461, 0.199368, 0.40127, 0.723999, -0.628458, -0.138835, -0.533599, 0.306919, -0.300219, 0.384793, -0.781899, -0.118001, 0.26181, 0.821611, 0.602107, -0.639811, 0.387575, -0.177697, -0.390492, -0.668189, -0.960624, 0.297795, -0.361762, -0.741932, -0.169018, -0.820126, 0.312662, -0.543146]",,,,
도시 공원 설계,사용자 동선을 고려하여 공용 공간과 개인 공간을 명확히 구분하였습니다. Suddenly American think build power.,"[-0.805938, -0.702026, -0.466085, -0.868668, -0.308507, 0.759657, -0.040878, 0.111862, -0.499348, -0.750492, 0.974873, 0.660716, 0.545371, 0.851519, 0.496122, 0.463894, 0.096208, -0.575274, -0.781214, -0.236229, 0.634566, 0.014817, 0.530051, -0.971948, 0.397366, 0.924409, -0.36899, 0.697251, 0.203624, -0.339193, 0.657217, 0.097124, 0.043896, 0.835088, -0.103984, -0.758726, 0.664372, 0.026417, 0.146054, -0.779027, -0.065022, 0.934403, -0.539964, 0.726064, 0.890846, -0.469706, 0.989783, -0.696301, -0.459805, 0.788785, -0.258187, -0.288002, 0.665784, -0.578734, -0.902698, 0.404897, -0.685578, 0.920519, 0.336876, -0.521876, 0.784472, -0.863336, 0.424149, -0.714899, -0.570443, -0.193504, -0.930173, 0.804299, 0.331739, 0.961502, 0.28843, 0.429039, -0.963569, -0.728044, -0.082143, 0.29954, 0.171411, 0.810857, 0.45952, 0.817269, -0.90843, 0.589235, -0.9942, -0.873654, -0.150738, -0.360496, -0.549789, 0.233975, 0.753365, -0.284136, 0.960022, 0.634428, -0.450584, 0.463539, -0.035402, 0.158479, -0.657158, 0.592519, 0.421841, -0.697964, 0.853031, 0.806518, -0.721561, -0.214456, 0.615642, 0.390705, -0.037273, -0.360344, -0.402638, -0.536976, 0.57858, -0.684069, 0.983228, 0.754228, 0.346128, -0.662002, -0.951298, -0.514115, -0.22482, -0.637666, 0.875921, -0.455521, 0.487948, -0.241609, -0.273247, 0.112721, 0.821407, -0.620429, 0.226602, -0.892083, 0.559689, 0.21819, 0.020051, -0.846424, 0.80702, -0.260941, -0.405914, 0.45052, 0.110592, 0.840543, 0.859594, -0.242551, -0.774196, -0.384777, 0.678948, -0.81068, -0.248531, -0.921253, 0.366266, -0.74891, -0.740514, -0.890285, -0.503018, 0.140353, 0.2902, -0.060276, -0.189386, -0.287441, 0.124643, -0.740384, -0.548197, -0.191552, 0.428962, -0.128266, 0.378317, -0.045053, -0.711805, 0.041851, -0.870404, 0.72039, -0.800773, -0.623767, 0.236707, -0.066508, 0.684757, -0.573892, -0.366453, 0.105457, 0.192147, 0.586923, -0.892111, -0.426481, 0.972963, 0.081317, 0.333504, 0.324979, 0.124576, 0.656534, 0.442294, 0.143997, -0.330041, 0.60732, -0.462935, 0.602644, -0.030824, 0.195432, -0.628011, 0.851233, -0.456757, 0.045942, -0.162135, 0.045201, 0.141121, 0.190515, 0.178312, 0.286931, -0.517578, 0.473329, 0.679134, -0.802914, 0.120565, -0.130353, 0.943205, -0.101962, 0.303232, -0.345788, 0.126927, 0.989949, 0.335523, 0.039692, 0.30095, -0.788646, -0.423273, -0.409238, 0.460676, -0.190239, -0.361397, -0.238138, -0.110172, 0.32415, -0.459938, 0.812405, 0.752746, 0.479748, -0.488964, 0.941739, -0.280734, -0.752995, 0.418955, -0.937209, 0.188511, -0.568439, -0.641773, 0.26888, -0.325096, -0.850857, 0.066658, 0.50275, -0.07865, 0.097607, -0.751164, -0.03607, -0.50637, -0.05357, -0.396716, 0.080822, -0.715805, 0.672952, -0.578684, -0.589544, -0.077192, -0.999124, 0.606918, 0.444273, 0.403215, -0.271866, 0.020942, -0.701899, -0.908909, -0.44911, 0.138329, -0.518438, 0.184388, -0.181839, 0.53147, 0.193049, 0.890924, -0.272617, -0.612015, 0.769665, -0.668426, 0.786789, 0.976235, -0.572014, -0.09212, -0.852804, -0.628988, -0.368792, -0.798367, 0.984471, 0.988608, -0.706566, -0.299698, 0.451357, -0.464218, 0.041648, -0.437043, 0.325461, -0.797669, 0.008471, 0.762056, 0.908327, -0.097499, -0.451851, 0.960518, 0.80532, -0.209589, 0.978534, -0.630909, -0.459204, -0.958057, -0.028427, 0.151999, -0.742483, -0.337267, 0.853622, 0.871902, -0.828835, 0.610501, -0.096949, 0.748853, -0.257472, 0.402745, -0.519898, -0.566047, 0.6817, 0.360662, 0.453498, -0.953213, -0.260298, -0.453988, 0.538104, -0.434729, 0.106401, 0.973594, -0.963785, 0.638311, -0.656739, 0.292184, -0.597596, -0.094014, -0.142142, -0.304277, -0.381695, 0.039514, 0.500192, 0.695763, -0.034159, 0.260601, 0.332469, -0.90894, -0.150616, -0.681534, 0.981314, 0.813907, -0.22892, 0.827964, -0.653039, 0.23615, -0.362182, -0.609036, 0.301659, -0.249365, -0.067962, 0.679838, 0.337812, -0.699893, -0.382796, -0.263568, 0.511415, -0.908963, -0.220661, 0.108333, -0.627209, -0.543894, -0.072576, -0.536549, -0.829045, 0.59951, 0.631766, 0.578812, -0.084187, -0.158758, 0.325603]",,,,
에너지 자립형 주택,태양광 패널과 지열 에너지를 활용하여 에너지 자립을 목표로 합니다. Analysis western film off assume.,"[-0.352744, -0.577187, 0.646865, 0.185458, -0.130784, -0.917911, 0.455641, 0.140212, -0.789131, 0.622179, -0.54706, -0.921318, 0.410445, 0.032855, 0.135951, -0.825913, 0.877942, 0.163689, 0.079456, -0.740802, 0.037947, -0.444774, -0.9166, -0.730722, -0.940164, 0.183927, -0.7509, 0.781533, 0.674587, -0.222196, 0.025018, 0.570415, 0.135473, 0.795371, 0.582793, 0.497069, 0.407645, 0.288659, 0.144258, -0.880814, 0.443827, 0.065178, 0.277744, 0.631028, -0.395875, 0.757232, 0.529735, 0.60559, -0.312652, -0.486981, -0.099953, 0.338339, 0.56572, -0.050942, -0.638374, -0.885268, 0.668233, 0.827169, -0.149374, 0.007681, 0.756566, -0.134678, -0.383401, 0.399904, 0.184967, 0.473124, -0.552629, 0.270842, -0.777978, 0.76766, 0.890452, 0.007086, -0.840021, 0.371724, -0.292968, 0.234794, 0.985873, -0.111755, -0.588487, 0.769037, 0.003658, 0.192132, -0.354721, -0.838036, -0.272315, 0.610868, -0.80701, 0.667236, 0.769182, -0.465279, 0.538532, -0.470195, -0.846812, -0.103258, 0.551112, -0.134722, 0.589375, 0.749926, -0.289427, 0.480906, 0.051141, -0.873655, 0.242798, -0.960142, -0.635375, 0.969644, -0.483669, 0.834752, 0.97815, 0.601148, 0.803923, -0.498621, -0.743191, -0.978517, -0.051794, -0.911441, -0.085382, 0.037166, -0.737736, -0.304699, -0.509265, 0.254431, -0.192792, -0.089782, 0.788302, -0.492916, 0.683506, 0.122634, -0.546691, -0.36548, 0.109852, 0.111203, -0.552594, 0.049837, 0.591093, -0.565631, 0.466727, -0.189532, 0.607612, 0.169885, -0.104049, -0.350782, -0.37718, -0.863925, -0.899575, -0.064139, -0.192278, 0.04764, 0.771228, 0.636837, -0.17705, -0.456967, 0.651325, -0.343373, 0.672983, 0.801464, -0.769871, 0.990595, -0.265311, 0.242232, 0.244278, 0.43403, -0.879385, -0.978031, -0.548949, 0.97446, 0.924582, 0.149651, -0.687715, 0.980524, 0.057107, -0.244582, 0.384947, 0.190963, 0.68445, -0.385014, 0.85245, 0.601495, 0.153835, 0.907635, -0.009183, -0.759465, -0.978506, 0.730828, -0.099191, 0.105425, -0.269106, -0.053804, 0.886593, 0.772666, -0.507821, 0.605289, 0.733627, 0.471806, 0.304056, 0.306943, 0.891001, -0.396383, 0.100608, 0.334267, -0.825653, 0.30229, 0.421678, -0.17713, 0.206917, -0.52342, -0.552437, -0.49069, 0.92628, 0.284285, 0.126708, 0.69829, -0.405768, -0.702959, 0.393851, 0.680378, -0.954135, 0.572055, -0.237194, 0.588561, 0.083436, 0.388737, -0.307708, -0.828397, 0.258219, 0.242586, 0.965727, 0.282446, -0.36596, 0.805976, -0.428196, 0.934176, 0.55964, -0.001247, -0.151426, -0.514452, -0.537866, -0.974938, -0.708215, -0.574787, 0.658479, -0.910531, 0.457636, 0.05877, -0.921913, -0.038194, -0.996924, -0.128616, -0.534977, -0.019646, 0.678376, -0.009854, -0.884514, 0.967583, 0.635611, 0.058219, 0.687476, -0.131762, -0.727455, -0.7012, -0.97803, -0.575913, 0.172139, -0.092889, -0.048265, 0.372494, -0.307195, -0.609453, -0.397497, 0.932808, 0.61718, 0.083971, 0.134756, 0.947493, -0.042708, -0.64411, 0.386933, 0.785947, 0.074259, 0.403506, -0.894127, 0.71845, 0.020264, -0.793892, -0.488551, 0.919187, -0.933956, -0.311149, -0.885051, -0.844946, -0.930265, 0.256955, 0.644837, 0.285043, 0.288989, -0.149565, -0.885615, -0.384031, -0.529006, 0.279755, 0.124671, -0.772769, -0.750252, 0.63149, 0.709844, -0.544399, -0.392368, -0.959745, -0.386332, -0.994901, -0.746741, 0.973986, 0.902882, -0.979822, -0.545715, -0.207357, 0.216523, -0.369531, -0.767801, -0.9923, -0.624682, -0.85534, 0.004616, -0.724693, -0.358386, 0.681171, -0.049666, 0.024071, -0.412551, -0.219971, -0.781115, 0.327392, 0.729801, 0.539312, 0.723583, 0.101693, -0.946916, 0.294513, -0.242282, -0.272606, 0.887709, -0.506611, -0.469952, 0.443675, 0.717962, -0.554755, 0.754055, -0.976449, 0.603338, 0.036776, 0.448539, -0.133569, 0.047582, -0.756285, -0.829515, -0.496317, 0.966532, 0.643752, -0.658801, 0.06063, 0.475216, 0.039108, 0.048262, 0.236105, 0.158896, -0.17602, -0.704686, -0.924041, 0.517128, 0.748707, 0.026627, 0.473444, 0.490902, 0.074244, 0.63476, 0.286128, -0.826372, 0.237858, 0.891215, -0.987963, -0.306548, -0.579815, -0.905949, -0.898511]",,,,
